{
    "bookmarks": [
        {
            "bookmarks": [
                {
                    "pageid": 54,
                    "title": "2",
                    "x": -4.800000114440921,
                    "y": 327.8400078163149
                }
            ],
            "pageid": 54,
            "title": "1",
            "x": -4.800000114440921,
            "y": 327.8400078163149
        },
        {
            "pageid": 54,
            "title": "3",
            "x": -4.800000114440921,
            "y": 327.8400078163149
        }
    ]
}
