{
    "bookmarks": [
        {
            "pageid": 144,
            "title": "书签标题",
            "x": -4.9999998509883925,
            "y": 299.49999107420473
        }
    ]
}
