{
    "bookmarks": [
        {
            "pageid": 116,
            "title": "书签标题",
            "x": -77.3999976933003,
            "y": -202.19999397397058
        },
        {
            "pageid": 149,
            "title": "书签标题",
            "x": 49.199998533725775,
            "y": 77.99999767541891
        }
    ]
}
