{
    "bookmarks": [
        {
            "pageid": 68,
            "title": "书签标题",
            "x": -11.13050042701058,
            "y": -252.66235969314013
        }
    ]
}
